"node","chant","0","273461","273461","und","0","613"
"node","chant","0","273462","273462","und","0","613"
"node","chant","0","273464","273464","und","0","613"
"node","chant","0","273465","273465","und","0","613"
"node","chant","0","273466","273466","und","0","613"
"node","chant","0","273467","273467","und","0","613"
"node","chant","0","273468","273468","und","0","613"
"node","chant","0","273469","273469","und","0","613"
"node","chant","0","273470","273470","und","0","613"
"node","chant","0","273472","273472","und","0","613"
"node","chant","0","273473","273473","und","0","613"
"node","chant","0","273474","273474","und","0","613"
"node","chant","0","273475","273475","und","0","613"
"node","chant","0","273476","273476","und","0","613"
"node","chant","0","273477","273477","und","0","613"
"node","chant","0","273478","273478","und","0","613"
"node","chant","0","273479","273479","und","0","613"
