"1","administrator"
"1","contributor"
"193","contributor"
"537","contributor"
"590","contributor"
"596","contributor"
"597","contributor"
"598","contributor"
"600","contributor"
"601","contributor"
"603","contributor"
"609","contributor"
"610","contributor"
"613","contributor"
"614","contributor"
"875","contributor"
"1210","contributor"
"1211","contributor"
"1271","contributor"
"1296","contributor"
"1306","contributor"
"1307","contributor"
"1308","contributor"
"1309","contributor"
"1310","contributor"
"1323","contributor"
"1324","contributor"
"1325","contributor"
"1326","contributor"
"1327","contributor"
"1328","contributor"
"1329","contributor"
"1361","contributor"
"1707","contributor"
"1835","contributor"
"2040","contributor"
"3097","contributor"
"3098","contributor"
"4079","contributor"
"5359","contributor"
"7053","contributor"
"7077","contributor"
"7138","contributor"
"11119","contributor"
"11203","contributor"
"11205","contributor"
"11256","contributor"
"11655","contributor"
"12877","contributor"
"14374","contributor"
"17630","contributor"
"18621","contributor"
"18622","contributor"
"18700","contributor"
"18701","contributor"
"18702","contributor"
"22294","contributor"
"23963","contributor"
"24328","contributor"
"24723","contributor"
"24724","contributor"
"25355","contributor"
"26686","contributor"
"32162","contributor"
"32163","contributor"
"32164","contributor"
"34029","contributor"
"35068","contributor"
"36031","contributor"
"39674","contributor"
"40080","contributor"
"40081","contributor"
"40082","contributor"
"40083","contributor"
"40084","contributor"
"40085","contributor"
"40086","contributor"
"40087","contributor"
"40088","contributor"
"40089","contributor"
"40114","contributor"
"40574","contributor"
"46374","contributor"
"48760","contributor"
"52376","contributor"
"53103","contributor"
"53909","contributor"
"54160","contributor"
"59057","contributor"
"59179","contributor"
"59180","contributor"
"68860","contributor"
"72423","contributor"
"72424","contributor"
"72425","contributor"
"72426","contributor"
"72427","contributor"
"72428","contributor"
"72552","contributor"
"74703","contributor"
"130376","contributor"
"130377","contributor"
"130378","contributor"
"130379","contributor"
"130380","contributor"
"130381","contributor"
"130382","contributor"
"130383","contributor"
"130384","contributor"
"130385","contributor"
"130386","contributor"
"130387","contributor"
"130388","contributor"
"130389","contributor"
"130397","contributor"
"251424","contributor"
"251425","contributor"
"251426","contributor"
"251429","contributor"
"251430","contributor"
"251431","contributor"
"251435","contributor"
"251439","contributor"
"251531","contributor"
"251536","contributor"
"251537","contributor"
"251538","contributor"
"251539","contributor"
"251540","contributor"
"251541","contributor"
"251544","contributor"
"251545","contributor"
"251546","contributor"
"251553","contributor"
"251554","contributor"
"251555","contributor"
"251556","contributor"
"251557","contributor"
"251558","contributor"
"251561","contributor"
"251562","contributor"
"251564","contributor"
"251571","contributor"
"251572","contributor"
"251573","contributor"
"251574","contributor"
"251575","contributor"
"251576","contributor"
"251577","contributor"
"251579","contributor"
"251580","contributor"
"251581","contributor"
"251582","contributor"
"251583","contributor"
"251584","contributor"
"251585","contributor"
"251588","contributor"
"251589","contributor"
"251590","contributor"
"251591","contributor"
"251592","contributor"
"251593","contributor"
"251594","contributor"
"251595","contributor"
"251598","contributor"
"600","Debra"
"613","Debra"
"1258","Debra"
"251435","Debra"
"596","editor"
"600","editor"
"601","editor"
"603","editor"
"609","editor"
"610","editor"
"613","editor"
"1033","editor"
"1179","editor"
"1210","editor"
"1211","editor"
"1214","editor"
"1258","editor"
"1260","editor"
"1269","editor"
"1270","editor"
"1327","editor"
"1329","editor"
"1361","editor"
"1707","editor"
"1835","editor"
"2040","editor"
"3097","editor"
"3098","editor"
"7053","editor"
"11119","editor"
"12877","editor"
"14374","editor"
"18621","editor"
"18622","editor"
"22294","editor"
"34029","editor"
"40084","editor"
"59179","editor"
"59180","editor"
"72423","editor"
"72424","editor"
"72425","editor"
"72426","editor"
"72427","editor"
"72428","editor"
"251425","editor"
"251430","editor"
"251435","editor"
"251539","editor"
"251592","editor"
"251593","editor"
"251594","editor"
"251598","editor"
"600","power"
"610","power"
"613","power"
"1258","power"
"1270","power"
"251597","power"
"600","proofreader"
"610","proofreader"
"613","proofreader"
"1033","proofreader"
"1179","proofreader"
"1210","proofreader"
"1211","proofreader"
"1258","proofreader"
"1260","proofreader"
"1269","proofreader"
"1270","proofreader"
"1327","proofreader"
"1361","proofreader"
"1707","proofreader"
"2040","proofreader"
"3097","proofreader"
"12877","proofreader"
"14374","proofreader"
"18621","proofreader"
"18622","proofreader"
"34029","proofreader"
"39674","proofreader"
"40084","proofreader"
"59179","proofreader"
"251425","proofreader"
"251430","proofreader"
"251435","proofreader"
"251539","proofreader"
"251594","proofreader"
"251596","proofreader"
"600","SIMSSA contributor"
"613","SIMSSA contributor"
"1179","SIMSSA contributor"
"1258","SIMSSA contributor"
"1260","SIMSSA contributor"
"1269","SIMSSA contributor"
"1270","SIMSSA contributor"
"251435","SIMSSA contributor"
